{"void": 0.1623826291079812, "building": 0.4128080985915493, "grass": 0.0, "tree": 0.08139671361502347, "cow": 0.0, "horse": 0.0, "sheep": 0.0, "sky": 0.16307218309859156, "mountain": 0.0, "aeroplane": 0.0, "water": 0.0, "face": 0.0, "car": 0.0, "bicycle": 0.0, "flower": 0.0, "sign": 0.0, "bird": 0.0, "book": 0.0, "chair": 0.0, "road": 0.18034037558685445, "cat": 0.0, "dog": 0.0, "body": 0.0, "boat": 0.0}