{"void": 0.2068661971830986, "building": 0.2248386150234742, "grass": 0.0, "tree": 0.08490316901408451, "cow": 0.0, "horse": 0.0, "sheep": 0.0, "sky": 0.21719483568075118, "mountain": 0.0, "aeroplane": 0.0, "water": 0.0, "face": 0.0, "car": 0.0, "bicycle": 0.0, "flower": 0.0, "sign": 0.0, "bird": 0.0, "book": 0.0, "chair": 0.0, "road": 0.2661971830985915, "cat": 0.0, "dog": 0.0, "body": 0.0, "boat": 0.0}