{"void": 0.22564553990610328, "building": 0.13613556338028168, "grass": 0.0, "tree": 0.0, "cow": 0.0, "horse": 0.0, "sheep": 0.0, "sky": 0.2724911971830986, "mountain": 0.0, "aeroplane": 0.0, "water": 0.0, "face": 0.0, "car": 0.07143485915492957, "bicycle": 0.0, "flower": 0.0, "sign": 0.0, "bird": 0.0, "book": 0.0, "chair": 0.0, "road": 0.29429284037558684, "cat": 0.0, "dog": 0.0, "body": 0.0, "boat": 0.0}