{"void": 0.379518779342723, "building": 0.12120011737089202, "grass": 0.0, "tree": 0.27442781690140844, "cow": 0.0, "horse": 0.0, "sheep": 0.0, "sky": 0.07118544600938967, "mountain": 0.0, "aeroplane": 0.0, "water": 0.0, "face": 0.0, "car": 0.023430164319248825, "bicycle": 0.0, "flower": 0.0, "sign": 0.0, "bird": 0.0, "book": 0.0, "chair": 0.0, "road": 0.13023767605633804, "cat": 0.0, "dog": 0.0, "body": 0.0, "boat": 0.0}