{"void": 0.2062793427230047, "building": 0.19867957746478873, "grass": 0.0, "tree": 0.2474325117370892, "cow": 0.0, "horse": 0.0, "sheep": 0.0, "sky": 0.11464201877934273, "mountain": 0.0, "aeroplane": 0.0, "water": 0.0, "face": 0.0, "car": 0.04015551643192488, "bicycle": 0.0, "flower": 0.0, "sign": 0.0, "bird": 0.0, "book": 0.0, "chair": 0.0, "road": 0.19281103286384976, "cat": 0.0, "dog": 0.0, "body": 0.0, "boat": 0.0}