{"void": 0.10701822916666667, "building": 0.0, "grass": 0.08204427083333334, "tree": 0.5409114583333333, "cow": 0.0, "horse": 0.0, "sheep": 0.0, "sky": 0.030143229166666667, "mountain": 0.0, "aeroplane": 0.0, "water": 0.0, "face": 0.0, "car": 0.0430859375, "bicycle": 0.0, "flower": 0.0, "sign": 0.0, "bird": 0.0, "book": 0.0, "chair": 0.0, "road": 0.196796875, "cat": 0.0, "dog": 0.0, "body": 0.0, "boat": 0.0}