{"void": 0.1594043427230047, "building": 0.2590522300469484, "grass": 0.0, "tree": 0.2735035211267606, "cow": 0.0, "horse": 0.0, "sheep": 0.0, "sky": 0.0, "mountain": 0.0, "aeroplane": 0.0, "water": 0.0, "face": 0.0, "car": 0.08372946009389672, "bicycle": 0.0, "flower": 0.0, "sign": 0.0, "bird": 0.0, "book": 0.0, "chair": 0.0, "road": 0.22431044600938968, "cat": 0.0, "dog": 0.0, "body": 0.0, "boat": 0.0}