{"void": 0.06610915492957746, "building": 0.3599618544600939, "grass": 0.0, "tree": 0.14688967136150236, "cow": 0.0, "horse": 0.0, "sheep": 0.0, "sky": 0.14621478873239438, "mountain": 0.0, "aeroplane": 0.0, "water": 0.0, "face": 0.0, "car": 0.015214201877934272, "bicycle": 0.0, "flower": 0.0, "sign": 0.0, "bird": 0.0, "book": 0.0, "chair": 0.0, "road": 0.26561032863849765, "cat": 0.0, "dog": 0.0, "body": 0.0, "boat": 0.0}