{"void": 0.06210387323943662, "building": 0.43054577464788735, "grass": 0.0, "tree": 0.05865610328638498, "cow": 0.0, "horse": 0.0, "sheep": 0.0, "sky": 0.10158450704225352, "mountain": 0.0, "aeroplane": 0.0, "water": 0.0, "face": 0.0, "car": 0.0, "bicycle": 0.0, "flower": 0.0, "sign": 0.0, "bird": 0.0, "book": 0.0, "chair": 0.0, "road": 0.3471097417840376, "cat": 0.0, "dog": 0.0, "body": 0.0, "boat": 0.0}