{"void": 0.33661971830985915, "building": 0.15586854460093896, "grass": 0.0, "tree": 0.0, "cow": 0.0, "horse": 0.0, "sheep": 0.0, "sky": 0.18846830985915494, "mountain": 0.0, "aeroplane": 0.0, "water": 0.1694982394366197, "face": 0.0, "car": 0.0, "bicycle": 0.0, "flower": 0.0, "sign": 0.0, "bird": 0.0, "book": 0.0, "chair": 0.0, "road": 0.14954518779342724, "cat": 0.0, "dog": 0.0, "body": 0.0, "boat": 0.0}