{"void": 0.19920572916666668, "building": 0.5362109375, "grass": 0.0, "tree": 0.0, "cow": 0.0, "horse": 0.0, "sheep": 0.0, "sky": 0.0, "mountain": 0.0, "aeroplane": 0.0, "water": 0.26458333333333334, "face": 0.0, "car": 0.0, "bicycle": 0.0, "flower": 0.0, "sign": 0.0, "bird": 0.0, "book": 0.0, "chair": 0.0, "road": 0.0, "cat": 0.0, "dog": 0.0, "body": 0.0, "boat": 0.0}