{"void": 0.0692578125, "building": 0.0331640625, "grass": 0.0, "tree": 0.0866796875, "cow": 0.0, "horse": 0.0, "sheep": 0.0, "sky": 0.3360546875, "mountain": 0.05684895833333333, "aeroplane": 0.0, "water": 0.403671875, "face": 0.0, "car": 0.0, "bicycle": 0.0, "flower": 0.0, "sign": 0.0, "bird": 0.0, "book": 0.0, "chair": 0.0, "road": 0.0, "cat": 0.0, "dog": 0.0, "body": 0.0, "boat": 0.014322916666666666}