{"void": 0.1153125, "building": 0.0, "grass": 0.0, "tree": 0.22028645833333332, "cow": 0.0, "horse": 0.0, "sheep": 0.0, "sky": 0.44110677083333333, "mountain": 0.11772135416666667, "aeroplane": 0.0, "water": 0.10557291666666667, "face": 0.0, "car": 0.0, "bicycle": 0.0, "flower": 0.0, "sign": 0.0, "bird": 0.0, "book": 0.0, "chair": 0.0, "road": 0.0, "cat": 0.0, "dog": 0.0, "body": 0.0, "boat": 0.0}