{"void": 0.3158723958333333, "building": 0.0, "grass": 0.135234375, "tree": 0.17852864583333333, "cow": 0.0, "horse": 0.0, "sheep": 0.0, "sky": 0.0087890625, "mountain": 0.0, "aeroplane": 0.0, "water": 0.0, "face": 0.04673177083333333, "car": 0.0, "bicycle": 0.0, "flower": 0.0, "sign": 0.0, "bird": 0.0, "book": 0.0, "chair": 0.0, "road": 0.0, "cat": 0.0, "dog": 0.0, "body": 0.31484375, "boat": 0.0}