{"void": 0.35912760416666667, "building": 0.23376302083333333, "grass": 0.2559635416666667, "tree": 0.0, "cow": 0.0, "horse": 0.0, "sheep": 0.0, "sky": 0.0, "mountain": 0.0, "aeroplane": 0.0, "water": 0.0, "face": 0.0077473958333333336, "car": 0.030455729166666667, "bicycle": 0.0, "flower": 0.0, "sign": 0.0, "bird": 0.0, "book": 0.0, "chair": 0.0, "road": 0.0, "cat": 0.0, "dog": 0.0, "body": 0.11294270833333334, "boat": 0.0}