{"void": 0.22141927083333332, "building": 0.0, "grass": 0.0, "tree": 0.0, "cow": 0.0, "horse": 0.0, "sheep": 0.0, "sky": 0.19130208333333334, "mountain": 0.0, "aeroplane": 0.0, "water": 0.165859375, "face": 0.011223958333333334, "car": 0.0, "bicycle": 0.0, "flower": 0.0, "sign": 0.0, "bird": 0.0, "book": 0.0, "chair": 0.0, "road": 0.23971354166666667, "cat": 0.0, "dog": 0.0, "body": 0.17048177083333332, "boat": 0.0}