{"void": 0.4232421875, "building": 0.0, "grass": 0.23069010416666666, "tree": 0.036145833333333335, "cow": 0.0, "horse": 0.0, "sheep": 0.0, "sky": 0.0, "mountain": 0.0, "aeroplane": 0.0, "water": 0.0, "face": 0.0030078125, "car": 0.0, "bicycle": 0.0, "flower": 0.23678385416666667, "sign": 0.0, "bird": 0.0, "book": 0.0, "chair": 0.0, "road": 0.0, "cat": 0.0, "dog": 0.0, "body": 0.07013020833333333, "boat": 0.0}