{"void": 0.43140625, "building": 0.07845052083333333, "grass": 0.0, "tree": 0.0, "cow": 0.0, "horse": 0.0, "sheep": 0.0, "sky": 0.083125, "mountain": 0.0, "aeroplane": 0.0, "water": 0.0, "face": 0.005143229166666667, "car": 0.0, "bicycle": 0.0, "flower": 0.13938802083333332, "sign": 0.0, "bird": 0.0, "book": 0.0, "chair": 0.0, "road": 0.18908854166666667, "cat": 0.0, "dog": 0.0, "body": 0.0733984375, "boat": 0.0}