{"void": 0.5239627659574468, "building": 0.17886968085106383, "grass": 0.0, "tree": 0.0, "cow": 0.0, "horse": 0.0, "sheep": 0.0, "sky": 0.0, "mountain": 0.0, "aeroplane": 0.0, "water": 0.11533244680851064, "face": 0.004095744680851064, "car": 0.0, "bicycle": 0.0, "flower": 0.0, "sign": 0.0, "bird": 0.0, "book": 0.0, "chair": 0.0, "road": 0.07027925531914894, "cat": 0.0, "dog": 0.0, "body": 0.10746010638297872, "boat": 0.0}