{"void": 0.17970052083333332, "building": 0.0, "grass": 0.688359375, "tree": 0.0, "cow": 0.0, "horse": 0.0, "sheep": 0.0, "sky": 0.0, "mountain": 0.0, "aeroplane": 0.0, "water": 0.0, "face": 0.011197916666666667, "car": 0.0, "bicycle": 0.0, "flower": 0.0, "sign": 0.0, "bird": 0.0, "book": 0.0, "chair": 0.0, "road": 0.0, "cat": 0.0, "dog": 0.0, "body": 0.1207421875, "boat": 0.0}