{"void": 0.19881510416666667, "building": 0.0, "grass": 0.34674479166666666, "tree": 0.16209635416666668, "cow": 0.0, "horse": 0.0, "sheep": 0.0, "sky": 0.0, "mountain": 0.0, "aeroplane": 0.0, "water": 0.0, "face": 0.00796875, "car": 0.0, "bicycle": 0.0, "flower": 0.1200390625, "sign": 0.0, "bird": 0.0, "book": 0.0, "chair": 0.0, "road": 0.0, "cat": 0.0, "dog": 0.0, "body": 0.1643359375, "boat": 0.0}