{"void": 0.17231770833333335, "building": 0.445703125, "grass": 0.0, "tree": 0.0, "cow": 0.0, "horse": 0.0, "sheep": 0.0, "sky": 0.0, "mountain": 0.0, "aeroplane": 0.0, "water": 0.0, "face": 0.003880208333333333, "car": 0.0, "bicycle": 0.042643229166666664, "flower": 0.0, "sign": 0.0, "bird": 0.0, "book": 0.0, "chair": 0.0, "road": 0.22416666666666665, "cat": 0.0, "dog": 0.0, "body": 0.1112890625, "boat": 0.0}