{"void": 0.2571875, "building": 0.34661458333333334, "grass": 0.0, "tree": 0.17595052083333335, "cow": 0.0, "horse": 0.0, "sheep": 0.0, "sky": 0.11217447916666666, "mountain": 0.0, "aeroplane": 0.0, "water": 0.0, "face": 0.0, "car": 0.0, "bicycle": 0.0, "flower": 0.0, "sign": 0.0, "bird": 0.0, "book": 0.0, "chair": 0.0, "road": 0.0, "cat": 0.0, "dog": 0.0, "body": 0.10807291666666667, "boat": 0.0}