{"void": 0.15186197916666666, "building": 0.31286458333333333, "grass": 0.0, "tree": 0.0, "cow": 0.0, "horse": 0.0, "sheep": 0.0, "sky": 0.26385416666666667, "mountain": 0.0, "aeroplane": 0.0, "water": 0.0, "face": 0.0, "car": 0.0, "bicycle": 0.0, "flower": 0.0, "sign": 0.011354166666666667, "bird": 0.0, "book": 0.0, "chair": 0.0, "road": 0.1291015625, "cat": 0.0, "dog": 0.0, "body": 0.13096354166666666, "boat": 0.0}