{"void": 0.25322916666666667, "building": 0.0, "grass": 0.1409375, "tree": 0.0, "cow": 0.0, "horse": 0.0, "sheep": 0.0, "sky": 0.09006510416666667, "mountain": 0.20704427083333332, "aeroplane": 0.0, "water": 0.18236979166666667, "face": 0.0, "car": 0.0, "bicycle": 0.0, "flower": 0.0, "sign": 0.0, "bird": 0.0, "book": 0.0, "chair": 0.0, "road": 0.0, "cat": 0.0, "dog": 0.0, "body": 0.12635416666666666, "boat": 0.0}