{"void": 0.1641725352112676, "building": 0.0, "grass": 0.5000146713615023, "tree": 0.0, "cow": 0.11439260563380281, "horse": 0.0, "sheep": 0.0, "sky": 0.046552230046948355, "mountain": 0.17486795774647887, "aeroplane": 0.0, "water": 0.0, "face": 0.0, "car": 0.0, "bicycle": 0.0, "flower": 0.0, "sign": 0.0, "bird": 0.0, "book": 0.0, "chair": 0.0, "road": 0.0, "cat": 0.0, "dog": 0.0, "body": 0.0, "boat": 0.0}