{"void": 0.09354460093896713, "building": 0.1502787558685446, "grass": 0.5299442488262911, "tree": 0.0, "cow": 0.0, "horse": 0.2262323943661972, "sheep": 0.0, "sky": 0.0, "mountain": 0.0, "aeroplane": 0.0, "water": 0.0, "face": 0.0, "car": 0.0, "bicycle": 0.0, "flower": 0.0, "sign": 0.0, "bird": 0.0, "book": 0.0, "chair": 0.0, "road": 0.0, "cat": 0.0, "dog": 0.0, "body": 0.0, "boat": 0.0}