{"void": 0.073046875, "building": 0.454765625, "grass": 0.0, "tree": 0.028268229166666665, "cow": 0.0, "horse": 0.0, "sheep": 0.0, "sky": 0.0, "mountain": 0.06506510416666667, "aeroplane": 0.0, "water": 0.33911458333333333, "face": 0.0, "car": 0.0, "bicycle": 0.0, "flower": 0.0, "sign": 0.0, "bird": 0.0, "book": 0.0, "chair": 0.0, "road": 0.0, "cat": 0.0, "dog": 0.0, "body": 0.0, "boat": 0.039739583333333335}