{"void": 0.06360677083333334, "building": 0.010325520833333334, "grass": 0.0, "tree": 0.09947916666666666, "cow": 0.0, "horse": 0.0, "sheep": 0.0, "sky": 0.3571484375, "mountain": 0.012356770833333334, "aeroplane": 0.0, "water": 0.4347786458333333, "face": 0.0, "car": 0.0, "bicycle": 0.0, "flower": 0.0, "sign": 0.0, "bird": 0.0, "book": 0.0, "chair": 0.0, "road": 0.0, "cat": 0.0, "dog": 0.0, "body": 0.0, "boat": 0.0223046875}