{"void": 0.06815104166666666, "building": 0.0, "grass": 0.0, "tree": 0.0, "cow": 0.0, "horse": 0.0, "sheep": 0.0, "sky": 0.30180989583333334, "mountain": 0.0, "aeroplane": 0.0, "water": 0.2737630208333333, "face": 0.0, "car": 0.0, "bicycle": 0.0, "flower": 0.0, "sign": 0.0, "bird": 0.0, "book": 0.0, "chair": 0.0, "road": 0.0, "cat": 0.0, "dog": 0.0, "body": 0.0, "boat": 0.35627604166666665}