{"void": 0.09651041666666667, "building": 0.5510026041666667, "grass": 0.0, "tree": 0.14764322916666667, "cow": 0.0, "horse": 0.0, "sheep": 0.0, "sky": 0.030130208333333332, "mountain": 0.0, "aeroplane": 0.0, "water": 0.13296875, "face": 0.0011197916666666667, "car": 0.0, "bicycle": 0.0, "flower": 0.0, "sign": 0.0, "bird": 0.0, "book": 0.0, "chair": 0.0, "road": 0.0, "cat": 0.0, "dog": 0.0, "body": 0.006158854166666667, "boat": 0.034466145833333336}