{"void": 0.12122395833333334, "building": 0.198125, "grass": 0.0, "tree": 0.12899739583333333, "cow": 0.0, "horse": 0.0, "sheep": 0.0, "sky": 0.21197916666666666, "mountain": 0.0, "aeroplane": 0.0, "water": 0.2987109375, "face": 0.0, "car": 0.0, "bicycle": 0.0, "flower": 0.0, "sign": 0.0, "bird": 0.0, "book": 0.0, "chair": 0.0, "road": 0.0, "cat": 0.0, "dog": 0.0, "body": 0.0, "boat": 0.040963541666666665}