{"void": 0.0973046875, "building": 0.20217447916666667, "grass": 0.0, "tree": 0.017135416666666667, "cow": 0.0, "horse": 0.0, "sheep": 0.0, "sky": 0.15364583333333334, "mountain": 0.16001302083333332, "aeroplane": 0.0, "water": 0.34859375, "face": 0.0, "car": 0.0, "bicycle": 0.0, "flower": 0.0, "sign": 0.0, "bird": 0.0, "book": 0.0, "chair": 0.0, "road": 0.0, "cat": 0.0, "dog": 0.0, "body": 0.0, "boat": 0.0211328125}