{"void": 0.08838541666666666, "building": 0.0, "grass": 0.0, "tree": 0.20209635416666666, "cow": 0.0, "horse": 0.0, "sheep": 0.0, "sky": 0.37244791666666666, "mountain": 0.0, "aeroplane": 0.0, "water": 0.3370703125, "face": 0.0, "car": 0.0, "bicycle": 0.0, "flower": 0.0, "sign": 0.0, "bird": 0.0, "book": 0.0, "chair": 0.0, "road": 0.0, "cat": 0.0, "dog": 0.0, "body": 0.0, "boat": 0.0}