{"void": 0.16072530864197532, "building": 0.0, "grass": 0.0, "tree": 0.04762731481481482, "cow": 0.0, "horse": 0.0, "sheep": 0.0, "sky": 0.5040509259259259, "mountain": 0.10522762345679013, "aeroplane": 0.0, "water": 0.15171682098765432, "face": 0.0, "car": 0.0, "bicycle": 0.0, "flower": 0.0, "sign": 0.0, "bird": 0.0, "book": 0.0, "chair": 0.0, "road": 0.0, "cat": 0.0, "dog": 0.0, "body": 0.0, "boat": 0.030652006172839506}