{"void": 0.06127604166666667, "building": 0.0, "grass": 0.0, "tree": 0.19154947916666668, "cow": 0.0, "horse": 0.0, "sheep": 0.0, "sky": 0.213046875, "mountain": 0.164453125, "aeroplane": 0.0, "water": 0.3142578125, "face": 0.0, "car": 0.0, "bicycle": 0.0, "flower": 0.0, "sign": 0.0, "bird": 0.0, "book": 0.0, "chair": 0.0, "road": 0.0, "cat": 0.0, "dog": 0.0, "body": 0.0187890625, "boat": 0.03662760416666667}