{"void": 0.1368544600938967, "building": 0.03201291079812207, "grass": 0.0375, "tree": 0.5922535211267606, "cow": 0.0, "horse": 0.0, "sheep": 0.0, "sky": 0.20137910798122066, "mountain": 0.0, "aeroplane": 0.0, "water": 0.0, "face": 0.0, "car": 0.0, "bicycle": 0.0, "flower": 0.0, "sign": 0.0, "bird": 0.0, "book": 0.0, "chair": 0.0, "road": 0.0, "cat": 0.0, "dog": 0.0, "body": 0.0, "boat": 0.0}