{"void": 0.14531983568075119, "building": 0.10520833333333333, "grass": 0.0, "tree": 0.44577464788732396, "cow": 0.0, "horse": 0.0, "sheep": 0.0, "sky": 0.1936326291079812, "mountain": 0.0, "aeroplane": 0.0, "water": 0.0, "face": 0.0, "car": 0.0, "bicycle": 0.0, "flower": 0.0, "sign": 0.0, "bird": 0.0, "book": 0.0, "chair": 0.0, "road": 0.11006455399061033, "cat": 0.0, "dog": 0.0, "body": 0.0, "boat": 0.0}