{"void": 0.053829225352112674, "building": 0.012250586854460094, "grass": 0.11285211267605634, "tree": 0.5554430751173709, "cow": 0.0, "horse": 0.0, "sheep": 0.0, "sky": 0.265625, "mountain": 0.0, "aeroplane": 0.0, "water": 0.0, "face": 0.0, "car": 0.0, "bicycle": 0.0, "flower": 0.0, "sign": 0.0, "bird": 0.0, "book": 0.0, "chair": 0.0, "road": 0.0, "cat": 0.0, "dog": 0.0, "body": 0.0, "boat": 0.0}