{"void": 0.07442781690140846, "building": 0.0, "grass": 0.013849765258215962, "tree": 0.4802963615023474, "cow": 0.0, "horse": 0.0, "sheep": 0.0, "sky": 0.4183538732394366, "mountain": 0.0, "aeroplane": 0.0, "water": 0.0, "face": 0.0, "car": 0.0, "bicycle": 0.0, "flower": 0.0, "sign": 0.0, "bird": 0.0, "book": 0.0, "chair": 0.0, "road": 0.01307218309859155, "cat": 0.0, "dog": 0.0, "body": 0.0, "boat": 0.0}