{"void": 0.21965962441314554, "building": 0.33983274647887324, "grass": 0.0, "tree": 0.41053403755868545, "cow": 0.0, "horse": 0.0, "sheep": 0.0, "sky": 0.029973591549295776, "mountain": 0.0, "aeroplane": 0.0, "water": 0.0, "face": 0.0, "car": 0.0, "bicycle": 0.0, "flower": 0.0, "sign": 0.0, "bird": 0.0, "book": 0.0, "chair": 0.0, "road": 0.0, "cat": 0.0, "dog": 0.0, "body": 0.0, "boat": 0.0}