{"void": 0.22993489583333335, "building": 0.36259114583333335, "grass": 0.1215234375, "tree": 0.0551171875, "cow": 0.0, "horse": 0.0, "sheep": 0.0, "sky": 0.209375, "mountain": 0.0, "aeroplane": 0.0, "water": 0.0, "face": 0.0, "car": 0.0, "bicycle": 0.0, "flower": 0.0, "sign": 0.0, "bird": 0.0, "book": 0.0, "chair": 0.0, "road": 0.0, "cat": 0.0, "dog": 0.0, "body": 0.021458333333333333, "boat": 0.0}