{"void": 0.17453051643192488, "building": 0.2753080985915493, "grass": 0.1742517605633803, "tree": 0.032144953051643194, "cow": 0.0, "horse": 0.0, "sheep": 0.0, "sky": 0.29008215962441314, "mountain": 0.0, "aeroplane": 0.0, "water": 0.0, "face": 0.0, "car": 0.0, "bicycle": 0.0, "flower": 0.0, "sign": 0.0, "bird": 0.0, "book": 0.0, "chair": 0.0, "road": 0.053682511737089204, "cat": 0.0, "dog": 0.0, "body": 0.0, "boat": 0.0}