{"void": 0.08028169014084507, "building": 0.3112969483568075, "grass": 0.10544307511737089, "tree": 0.3061473004694836, "cow": 0.0, "horse": 0.0, "sheep": 0.0, "sky": 0.19683098591549295, "mountain": 0.0, "aeroplane": 0.0, "water": 0.0, "face": 0.0, "car": 0.0, "bicycle": 0.0, "flower": 0.0, "sign": 0.0, "bird": 0.0, "book": 0.0, "chair": 0.0, "road": 0.0, "cat": 0.0, "dog": 0.0, "body": 0.0, "boat": 0.0}