{"void": 0.1443075117370892, "building": 0.19191607981220657, "grass": 0.17869718309859156, "tree": 0.2643485915492958, "cow": 0.0, "horse": 0.0, "sheep": 0.0, "sky": 0.2207306338028169, "mountain": 0.0, "aeroplane": 0.0, "water": 0.0, "face": 0.0, "car": 0.0, "bicycle": 0.0, "flower": 0.0, "sign": 0.0, "bird": 0.0, "book": 0.0, "chair": 0.0, "road": 0.0, "cat": 0.0, "dog": 0.0, "body": 0.0, "boat": 0.0}