{"void": 0.304453125, "building": 0.35229166666666667, "grass": 0.08600260416666666, "tree": 0.13524739583333334, "cow": 0.0, "horse": 0.0, "sheep": 0.0, "sky": 0.08606770833333334, "mountain": 0.0, "aeroplane": 0.0, "water": 0.0, "face": 0.0, "car": 0.0, "bicycle": 0.0, "flower": 0.0, "sign": 0.0, "bird": 0.0, "book": 0.0, "chair": 0.0, "road": 0.0, "cat": 0.0, "dog": 0.0, "body": 0.0359375, "boat": 0.0}