{"void": 0.07601232394366197, "building": 0.6249413145539906, "grass": 0.0, "tree": 0.0, "cow": 0.0, "horse": 0.0, "sheep": 0.0, "sky": 0.2519953051643192, "mountain": 0.0, "aeroplane": 0.0, "water": 0.0, "face": 0.0, "car": 0.0, "bicycle": 0.0, "flower": 0.0, "sign": 0.0, "bird": 0.0, "book": 0.0, "chair": 0.0, "road": 0.04705105633802817, "cat": 0.0, "dog": 0.0, "body": 0.0, "boat": 0.0}