{"void": 0.3421361502347418, "building": 0.3417106807511737, "grass": 0.1039906103286385, "tree": 0.07158157276995306, "cow": 0.0, "horse": 0.0, "sheep": 0.0, "sky": 0.14058098591549295, "mountain": 0.0, "aeroplane": 0.0, "water": 0.0, "face": 0.0, "car": 0.0, "bicycle": 0.0, "flower": 0.0, "sign": 0.0, "bird": 0.0, "book": 0.0, "chair": 0.0, "road": 0.0, "cat": 0.0, "dog": 0.0, "body": 0.0, "boat": 0.0}