{"void": 0.10733568075117371, "building": 0.03751467136150235, "grass": 0.4126760563380282, "tree": 0.0, "cow": 0.0, "horse": 0.0, "sheep": 0.0, "sky": 0.32353286384976526, "mountain": 0.0, "aeroplane": 0.11894072769953051, "water": 0.0, "face": 0.0, "car": 0.0, "bicycle": 0.0, "flower": 0.0, "sign": 0.0, "bird": 0.0, "book": 0.0, "chair": 0.0, "road": 0.0, "cat": 0.0, "dog": 0.0, "body": 0.0, "boat": 0.0}