{"void": 0.07256455399061033, "building": 0.0, "grass": 0.33257042253521124, "tree": 0.08494718309859155, "cow": 0.0, "horse": 0.0, "sheep": 0.0, "sky": 0.32774354460093896, "mountain": 0.0, "aeroplane": 0.1821742957746479, "water": 0.0, "face": 0.0, "car": 0.0, "bicycle": 0.0, "flower": 0.0, "sign": 0.0, "bird": 0.0, "book": 0.0, "chair": 0.0, "road": 0.0, "cat": 0.0, "dog": 0.0, "body": 0.0, "boat": 0.0}