{"void": 0.10578051643192488, "building": 0.1382775821596244, "grass": 0.27727406103286384, "tree": 0.0, "cow": 0.0, "horse": 0.0, "sheep": 0.0, "sky": 0.07450117370892019, "mountain": 0.0, "aeroplane": 0.4041666666666667, "water": 0.0, "face": 0.0, "car": 0.0, "bicycle": 0.0, "flower": 0.0, "sign": 0.0, "bird": 0.0, "book": 0.0, "chair": 0.0, "road": 0.0, "cat": 0.0, "dog": 0.0, "body": 0.0, "boat": 0.0}