{"void": 0.12504401408450705, "building": 0.04341255868544601, "grass": 0.2537118544600939, "tree": 0.06895539906103286, "cow": 0.0, "horse": 0.0, "sheep": 0.0, "sky": 0.250718896713615, "mountain": 0.0, "aeroplane": 0.25815727699530516, "water": 0.0, "face": 0.0, "car": 0.0, "bicycle": 0.0, "flower": 0.0, "sign": 0.0, "bird": 0.0, "book": 0.0, "chair": 0.0, "road": 0.0, "cat": 0.0, "dog": 0.0, "body": 0.0, "boat": 0.0}