{"void": 0.10737969483568074, "building": 0.1264231220657277, "grass": 0.21566901408450703, "tree": 0.0, "cow": 0.0, "horse": 0.0, "sheep": 0.0, "sky": 0.28877640845070424, "mountain": 0.0, "aeroplane": 0.22938673708920188, "water": 0.0, "face": 0.0, "car": 0.0, "bicycle": 0.0, "flower": 0.0, "sign": 0.0, "bird": 0.0, "book": 0.0, "chair": 0.0, "road": 0.032365023474178405, "cat": 0.0, "dog": 0.0, "body": 0.0, "boat": 0.0}