{"void": 0.1411531690140845, "building": 0.08349471830985916, "grass": 0.0, "tree": 0.04103579812206573, "cow": 0.0, "horse": 0.0, "sheep": 0.0, "sky": 0.3181631455399061, "mountain": 0.0, "aeroplane": 0.18123532863849764, "water": 0.0, "face": 0.0, "car": 0.0, "bicycle": 0.0, "flower": 0.0, "sign": 0.0, "bird": 0.0, "book": 0.0, "chair": 0.0, "road": 0.23491784037558686, "cat": 0.0, "dog": 0.0, "body": 0.0, "boat": 0.0}