{"void": 0.11500880281690141, "building": 0.27841842723004695, "grass": 0.25291960093896715, "tree": 0.0, "cow": 0.0, "horse": 0.0, "sheep": 0.0, "sky": 0.1913732394366197, "mountain": 0.0, "aeroplane": 0.1622799295774648, "water": 0.0, "face": 0.0, "car": 0.0, "bicycle": 0.0, "flower": 0.0, "sign": 0.0, "bird": 0.0, "book": 0.0, "chair": 0.0, "road": 0.0, "cat": 0.0, "dog": 0.0, "body": 0.0, "boat": 0.0}