{"void": 0.0766725352112676, "building": 0.22605633802816902, "grass": 0.45001467136150236, "tree": 0.0, "cow": 0.0, "horse": 0.0, "sheep": 0.0, "sky": 0.11882335680751174, "mountain": 0.0, "aeroplane": 0.1284330985915493, "water": 0.0, "face": 0.0, "car": 0.0, "bicycle": 0.0, "flower": 0.0, "sign": 0.0, "bird": 0.0, "book": 0.0, "chair": 0.0, "road": 0.0, "cat": 0.0, "dog": 0.0, "body": 0.0, "boat": 0.0}