{"void": 0.0988556338028169, "building": 0.07450117370892019, "grass": 0.30861208920187794, "tree": 0.0, "cow": 0.0, "horse": 0.0, "sheep": 0.0, "sky": 0.28637030516431927, "mountain": 0.0, "aeroplane": 0.23166079812206572, "water": 0.0, "face": 0.0, "car": 0.0, "bicycle": 0.0, "flower": 0.0, "sign": 0.0, "bird": 0.0, "book": 0.0, "chair": 0.0, "road": 0.0, "cat": 0.0, "dog": 0.0, "body": 0.0, "boat": 0.0}