{"void": 0.050410798122065725, "building": 0.14342723004694835, "grass": 0.3807511737089202, "tree": 0.0, "cow": 0.0, "horse": 0.0, "sheep": 0.0, "sky": 0.27752347417840373, "mountain": 0.0, "aeroplane": 0.14788732394366197, "water": 0.0, "face": 0.0, "car": 0.0, "bicycle": 0.0, "flower": 0.0, "sign": 0.0, "bird": 0.0, "book": 0.0, "chair": 0.0, "road": 0.0, "cat": 0.0, "dog": 0.0, "body": 0.0, "boat": 0.0}