{"void": 0.0918280516431925, "building": 0.05666079812206573, "grass": 0.4169894366197183, "tree": 0.06606514084507042, "cow": 0.0, "horse": 0.0, "sheep": 0.0, "sky": 0.2414319248826291, "mountain": 0.0, "aeroplane": 0.12702464788732395, "water": 0.0, "face": 0.0, "car": 0.0, "bicycle": 0.0, "flower": 0.0, "sign": 0.0, "bird": 0.0, "book": 0.0, "chair": 0.0, "road": 0.0, "cat": 0.0, "dog": 0.0, "body": 0.0, "boat": 0.0}