{"void": 0.11951291079812207, "building": 0.0519806338028169, "grass": 0.3472417840375587, "tree": 0.14128521126760563, "cow": 0.0, "horse": 0.0, "sheep": 0.0, "sky": 0.11351232394366197, "mountain": 0.0, "aeroplane": 0.22646713615023475, "water": 0.0, "face": 0.0, "car": 0.0, "bicycle": 0.0, "flower": 0.0, "sign": 0.0, "bird": 0.0, "book": 0.0, "chair": 0.0, "road": 0.0, "cat": 0.0, "dog": 0.0, "body": 0.0, "boat": 0.0}