{"void": 0.14697769953051643, "building": 0.0, "grass": 0.0, "tree": 0.0, "cow": 0.0, "horse": 0.0, "sheep": 0.0, "sky": 0.26811913145539906, "mountain": 0.0, "aeroplane": 0.336150234741784, "water": 0.0, "face": 0.0, "car": 0.0, "bicycle": 0.0, "flower": 0.0, "sign": 0.0, "bird": 0.0, "book": 0.0, "chair": 0.0, "road": 0.24875293427230047, "cat": 0.0, "dog": 0.0, "body": 0.0, "boat": 0.0}