{"void": 0.05255281690140845, "building": 0.0, "grass": 0.2714055164319249, "tree": 0.0, "cow": 0.25428403755868545, "horse": 0.0, "sheep": 0.0, "sky": 0.17554284037558684, "mountain": 0.24621478873239436, "aeroplane": 0.0, "water": 0.0, "face": 0.0, "car": 0.0, "bicycle": 0.0, "flower": 0.0, "sign": 0.0, "bird": 0.0, "book": 0.0, "chair": 0.0, "road": 0.0, "cat": 0.0, "dog": 0.0, "body": 0.0, "boat": 0.0}