{"void": 0.13924589201877935, "building": 0.0, "grass": 0.0, "tree": 0.0, "cow": 0.0, "horse": 0.0, "sheep": 0.0, "sky": 0.0, "mountain": 0.0, "aeroplane": 0.0, "water": 0.0, "face": 0.25880281690140844, "car": 0.0, "bicycle": 0.0, "flower": 0.0, "sign": 0.0, "bird": 0.0, "book": 0.5380575117370892, "chair": 0.0, "road": 0.0, "cat": 0.0, "dog": 0.0, "body": 0.063893779342723, "boat": 0.0}