{"void": 0.2549589201877934, "building": 0.3987969483568075, "grass": 0.0, "tree": 0.0, "cow": 0.0, "horse": 0.0, "sheep": 0.0, "sky": 0.0, "mountain": 0.0, "aeroplane": 0.0, "water": 0.0, "face": 0.25331572769953054, "car": 0.0, "bicycle": 0.0, "flower": 0.0, "sign": 0.0, "bird": 0.0, "book": 0.0, "chair": 0.0, "road": 0.0, "cat": 0.0, "dog": 0.0, "body": 0.09292840375586854, "boat": 0.0}