{"void": 0.20528169014084507, "building": 0.13129401408450705, "grass": 0.05843603286384977, "tree": 0.18955399061032863, "cow": 0.0, "horse": 0.0, "sheep": 0.0, "sky": 0.0, "mountain": 0.0, "aeroplane": 0.0, "water": 0.0, "face": 0.19831279342723004, "car": 0.0, "bicycle": 0.0, "flower": 0.0, "sign": 0.0, "bird": 0.0, "book": 0.0, "chair": 0.0, "road": 0.08626760563380281, "cat": 0.0, "dog": 0.0, "body": 0.13085387323943662, "boat": 0.0}