{"void": 0.1837881455399061, "building": 0.09144659624413146, "grass": 0.12727406103286384, "tree": 0.16820715962441316, "cow": 0.0, "horse": 0.0, "sheep": 0.0, "sky": 0.0, "mountain": 0.0, "aeroplane": 0.0, "water": 0.0, "face": 0.27711267605633805, "car": 0.0, "bicycle": 0.0, "flower": 0.0, "sign": 0.0, "bird": 0.0, "book": 0.0, "chair": 0.0, "road": 0.08879107981220657, "cat": 0.0, "dog": 0.0, "body": 0.06338028169014084, "boat": 0.0}