{"void": 0.06773767605633803, "building": 0.14348591549295775, "grass": 0.0, "tree": 0.0, "cow": 0.0, "horse": 0.0, "sheep": 0.0, "sky": 0.0, "mountain": 0.0, "aeroplane": 0.0, "water": 0.06880868544600939, "face": 0.0, "car": 0.5202611502347417, "bicycle": 0.0, "flower": 0.0, "sign": 0.0, "bird": 0.0, "book": 0.0, "chair": 0.0, "road": 0.19970657276995304, "cat": 0.0, "dog": 0.0, "body": 0.0, "boat": 0.0}