{"void": 0.06310152582159624, "building": 0.10699823943661972, "grass": 0.0, "tree": 0.0, "cow": 0.0, "horse": 0.0, "sheep": 0.0, "sky": 0.0, "mountain": 0.0, "aeroplane": 0.0, "water": 0.0, "face": 0.0, "car": 0.6691754694835681, "bicycle": 0.0, "flower": 0.0, "sign": 0.0, "bird": 0.0, "book": 0.0, "chair": 0.0, "road": 0.16072476525821597, "cat": 0.0, "dog": 0.0, "body": 0.0, "boat": 0.0}