{"void": 0.09514322916666666, "building": 0.0, "grass": 0.1828125, "tree": 0.2443359375, "cow": 0.0, "horse": 0.0, "sheep": 0.0, "sky": 0.1566796875, "mountain": 0.0, "aeroplane": 0.0, "water": 0.0, "face": 0.0, "car": 0.1793359375, "bicycle": 0.0, "flower": 0.0, "sign": 0.0, "bird": 0.0, "book": 0.0, "chair": 0.0, "road": 0.14169270833333333, "cat": 0.0, "dog": 0.0, "body": 0.0, "boat": 0.0}