{"void": 0.07433978873239437, "building": 0.0, "grass": 0.0, "tree": 0.16886737089201878, "cow": 0.0, "horse": 0.0, "sheep": 0.0, "sky": 0.0, "mountain": 0.0, "aeroplane": 0.0, "water": 0.0, "face": 0.0, "car": 0.638262910798122, "bicycle": 0.0, "flower": 0.0, "sign": 0.0, "bird": 0.0, "book": 0.0, "chair": 0.0, "road": 0.11852992957746479, "cat": 0.0, "dog": 0.0, "body": 0.0, "boat": 0.0}