{"void": 0.06340962441314554, "building": 0.40732100938967136, "grass": 0.0, "tree": 0.0, "cow": 0.0, "horse": 0.0, "sheep": 0.0, "sky": 0.0, "mountain": 0.0, "aeroplane": 0.0, "water": 0.0, "face": 0.0, "car": 0.31203051643192486, "bicycle": 0.0, "flower": 0.0, "sign": 0.0, "bird": 0.0, "book": 0.0, "chair": 0.0, "road": 0.21723884976525823, "cat": 0.0, "dog": 0.0, "body": 0.0, "boat": 0.0}