{"void": 0.263512323943662, "building": 0.37950410798122064, "grass": 0.0, "tree": 0.0, "cow": 0.0, "horse": 0.0, "sheep": 0.0, "sky": 0.0, "mountain": 0.0, "aeroplane": 0.0, "water": 0.0, "face": 0.0, "car": 0.0, "bicycle": 0.23705985915492958, "flower": 0.0, "sign": 0.0, "bird": 0.0, "book": 0.0, "chair": 0.0, "road": 0.11992370892018779, "cat": 0.0, "dog": 0.0, "body": 0.0, "boat": 0.0}