{"void": 0.2565580985915493, "building": 0.0, "grass": 0.10481220657276995, "tree": 0.0, "cow": 0.0, "horse": 0.0, "sheep": 0.0, "sky": 0.0, "mountain": 0.0, "aeroplane": 0.0, "water": 0.0, "face": 0.0, "car": 0.0, "bicycle": 0.5283744131455399, "flower": 0.0, "sign": 0.0, "bird": 0.0, "book": 0.0, "chair": 0.0, "road": 0.11025528169014084, "cat": 0.0, "dog": 0.0, "body": 0.0, "boat": 0.0}