{"void": 0.18262910798122065, "building": 0.18770539906103287, "grass": 0.0, "tree": 0.08022300469483568, "cow": 0.0, "horse": 0.0, "sheep": 0.0, "sky": 0.0, "mountain": 0.0, "aeroplane": 0.0, "water": 0.0, "face": 0.0, "car": 0.0, "bicycle": 0.44417546948356806, "flower": 0.0, "sign": 0.0, "bird": 0.0, "book": 0.0, "chair": 0.0, "road": 0.10526701877934272, "cat": 0.0, "dog": 0.0, "body": 0.0, "boat": 0.0}