{"void": 0.22736208920187792, "building": 0.0, "grass": 0.12221244131455399, "tree": 0.0, "cow": 0.0, "horse": 0.0, "sheep": 0.0, "sky": 0.0, "mountain": 0.0, "aeroplane": 0.0, "water": 0.0, "face": 0.0, "car": 0.0, "bicycle": 0.5505721830985916, "flower": 0.0, "sign": 0.0, "bird": 0.0, "book": 0.0, "chair": 0.0, "road": 0.09985328638497652, "cat": 0.0, "dog": 0.0, "body": 0.0, "boat": 0.0}